"codproveedor";"nombre";"razonsocial";"cifnif";"telefono1";"telefono2";"fax";"email";"web";"codsubcuenta";"codserie";"codpago";"personafisica";"tipoidfiscal";"observaciones";"direccion";"apartado";"codpostal";"ciudad";"provincia";"codpais";"bank";"iban";"swift"
"001";"Juan Pérez";"Suministros Pérez SL";"A12345678";"912345678";"923456789";"914567890";"contacto@sperez.com";"www.sperez.com";"5000";"A";"30";"0";"CIF";"";"Calle Mayor 15";"";"28001";"Madrid";"Madrid";"ES";"Banco Santander";"ES9121000418450200051332";"BSCHESMM"
"002";"María López";"López Equipamientos SA";"B87654321";"911223344";"922334455";"933445566";"info@lopezequip.com";"www.lopezequip.com";"5001";"B";"45";"0";"CIF";"";"Avenida del Sol 22";"";"41002";"Sevilla";"Sevilla";"ES";"BBVA";"ES9121000418450200051333";"BBVAESMM"
"003";"Carlos Fernández";"Materiales Fernández SL";"C12349876";"915678432";"926789543";"937890654";"ventas@fernanmaterial.com";"www.fernanmaterial.com";"5002";"C";"60";"0";"CIF";"";"Calle Luna 10";"";"08003";"Barcelona";"Barcelona";"ES";"CaixaBank";"ES9121000418450200051334";"CAIXESMM"
"004";"Ana Martínez";"Distribuciones Martínez";"D98765432";"916543210";"927654321";"938765432";"contacto@dismartinez.com";"www.dismartinez.com";"5003";"A";"30";"1";"DNI";"";"Paseo de la Castellana 45";"";"28046";"Madrid";"Madrid";"ES";"Sabadell";"ES9121000418450200051335";"SABDESMM"
"005";"Pedro Sánchez";"Grupo Sánchez Global";"E87654321";"917891234";"928902345";"939013456";"pedro@sanchezglobal.com";"www.sanchezglobal.com";"5004";"B";"45";"0";"CIF";"";"Calle Gran Vía 8";"";"28013";"Madrid";"Madrid";"ES";"Banco Santander";"ES9121000418450200051336";"BSCHESMM"
"006";"Laura Torres";"Torres Consulting";"F65432198";"918902345";"929013456";"930124567";"laura@torresconsult.com";"www.torresconsult.com";"5005";"C";"60";"1";"DNI";"";"Avenida de América 12";"";"28002";"Madrid";"Madrid";"ES";"BBVA";"ES9121000418450200051337";"BBVAESMM"
"007";"Javier Gómez";"Gómez Soluciones Industriales";"G32165487";"919013456";"930124567";"941235678";"info@gomezsoluciones.com";"www.gomezsoluciones.com";"5006";"A";"30";"0";"CIF";"";"Calle Serrano 78";"";"28006";"Madrid";"Madrid";"ES";"CaixaBank";"ES9121000418450200051338";"CAIXESMM"
"008";"Carmen Ruiz";"Ruiz Importaciones SL";"H78912345";"920124567";"931235678";"942346789";"ventas@ruizimport.com";"www.ruizimport.com";"5007";"B";"45";"0";"CIF";"";"Paseo Marítimo 5";"";"29016";"Málaga";"Málaga";"ES";"Sabadell";"ES9121000418450200051339";"SABDESMM"
"009";"Luis Ramírez";"Ramírez Construcciones";"I56789123";"921235678";"932346789";"943457890";"contacto@ramirezconstrucciones.com";"www.ramirezconstrucciones.com";"5008";"C";"60";"0";"CIF";"";"Avenida de la Industria 14";"";"28108";"Alcobendas";"Madrid";"ES";"Banco Santander";"ES9121000418450200051340";"BSCHESMM"
"010";"Patricia Delgado";"Delgado Marketing";"J45678912";"922346789";"933457890";"944568901";"info@delgadomkt.com";"www.delgadomkt.com";"5009";"A";"30";"1";"DNI";"";"Calle Alcalá 99";"";"28009";"Madrid";"Madrid";"ES";"BBVA";"ES9121000418450200051341";"BBVAESMM"
"011";"Diego Herrera";"Herrera Logística";"K34567891";"923457890";"934568901";"945679012";"ventas@herreralogistica.com";"www.herreralogistica.com";"5010";"B";"45";"0";"CIF";"";"Avenida del Puerto 15";"";"46024";"Valencia";"Valencia";"ES";"CaixaBank";"ES9121000418450200051342";"CAIXESMM"
"012";"Sofía Castro";"Castro Retail";"L23456789";"924568901";"935679012";"946780123";"contacto@castroretail.com";"www.castroretail.com";"5011";"C";"60";"0";"CIF";"";"Calle Comercio 25";"";"50008";"Zaragoza";"Zaragoza";"ES";"Sabadell";"ES9121000418450200051343";"SABDESMM"
"013";"Raúl Ortega";"Ortega & Partners";"M98765432";"925679012";"936780123";"947891234";"info@ortegapartners.com";"www.ortegapartners.com";"5012";"A";"30";"0";"CIF";"";"Paseo Independencia 40";"";"50004";"Zaragoza";"Zaragoza";"ES";"Banco Santander";"ES9121000418450200051344";"BSCHESMM"
"014";"Beatriz Navarro";"Navarro Creative";"N87654321";"926780123";"937891234";"948902345";"ventas@navarrocreative.com";"www.navarrocreative.com";"5013";"B";"45";"1";"DNI";"";"Calle San Juan 17";"";"03002";"Alicante";"Alicante";"ES";"BBVA";"ES9121000418450200051345";"BBVAESMM"
"015";"Fernando Vega";"Vega Soluciones";"O76543210";"927891234";"938902345";"949013456";"contacto@vegasoluciones.com";"www.vegasoluciones.com";"5014";"C";"60";"0";"CIF";"";"Calle del Mar 33";"";"46002";"Valencia";"Valencia";"ES";"CaixaBank";"ES9121000418450200051346";"CAIXESMM"
"016";"Isabel Méndez";"Méndez Ingeniería";"P65432109";"928902345";"939013456";"950124567";"info@mendezingenieria.com";"www.mendezingenieria.com";"5015";"A";"30";"0";"CIF";"";"Avenida Innovación 78";"";"41092";"Sevilla";"Sevilla";"ES";"Sabadell";"ES9121000418450200051347";"SABDESMM"
"017";"David Rojas";"Rojas Telecom";"Q54321098";"929013456";"940124567";"951235678";"ventas@rojastelecom.com";"www.rojastelecom.com";"5016";"B";"45";"0";"CIF";"";"Calle del Cable 5";"";"28050";"Madrid";"Madrid";"ES";"Banco Santander";"ES9121000418450200051348";"BSCHESMM"
"018";"Rocío Flores";"Flores Fashion";"R43210987";"930124567";"941235678";"952346789";"contacto@floresfashion.com";"www.floresfashion.com";"5017";"C";"60";"1";"DNI";"";"Calle Moda 12";"";"28028";"Madrid";"Madrid";"ES";"BBVA";"ES9121000418450200051349";"BBVAESMM"
"019";"Álvaro Suárez";"Suárez Digital";"S32109876";"931235678";"942346789";"953457890";"info@suarezdigital.com";"www.suarezdigital.com";"5018";"A";"30";"0";"CIF";"";"Avenida Tecnología 99";"";"29007";"Málaga";"Málaga";"ES";"CaixaBank";"ES9121000418450200051350";"CAIXESMM"
"020";"Elena Vargas";"Vargas Travel";"T21098765";"932346789";"943457890";"954568901";"ventas@vargastravel.com";"www.vargastravel.com";"5019";"B";"45";"1";"DNI";"";"Paseo de la Estación 7";"";"18002";"Granada";"Granada";"ES";"Sabadell";"ES9121000418450200051351";"SABDESMM"
